last_name,first_name,email,house
Hong,Allison,allison@gmail.com,CAZ
Wang,Andrew,andrew@gmail.com,CAZ
Gao,Cecilia,cecilia@gmail.com,CAZ
Wong,Danielle,danielle@gmail.com,CAZ
Sunaryo,Emily,emily@gmail.com,CAZ
Quan,Evan,evan@gmail.com,CAZ
Huo,Annie,hannie@gmail.com,CAZ
Kudva,Jay,jay@gmail.com,CAZ
Hu,Kelly,kelly@gmail.com,CAZ
Chou,Mia,mia@gmail.com,CAZ
Oh,Samantha,samantha@gmail.com,CAZ
idk,Selene,selene@gmail.com,CAZ
Wong,Stephanie,stephanie@gmail.com,CAZ
Wang,Annie,wannie@gmail.com,CAZ